rit,minuten,halte
IC Liege-Guillemins -- Quievrain,25,Leuven
IC Liege-Guillemins -- Quievrain,25,Leuven
IC Liege-Guillemins -- Quievrain,24,Tienen
IC Liege-Guillemins -- Quievrain,24,Tienen
IC Liege-Guillemins -- Quievrain,24,Tienen
P Namur -- Arlon,39,Marbehan
P Namur -- Arlon,39,Marbehan
P Namur -- Arlon,39,Marbehan
IC Liege-Guillemins -- Quievrain,25,Borgworm
IC Saint-Nicolas -- Courtrai,24,Moeskroen
IC Saint-Nicolas -- Courtrai,24,Moeskroen
IC Saint-Nicolas -- Courtrai,24,Moeskroen
IC Saint-Nicolas -- Courtrai,24,Moeskroen
IC Saint-Nicolas -- Courtrai,24,Moeskroen
IC Liege-Guillemins -- Quievrain,24,Boussu
IC Liege-Guillemins -- Quievrain,24,Boussu
IC Liege-Guillemins -- Quievrain,29,Saint-Ghislain
IC Liege-Guillemins -- Quievrain,30,Quaregnon
IC Liege-Guillemins -- Quievrain,30,Quaregnon
IC Liege-Guillemins -- Quievrain,30,Jemappes
IC Liege-Guillemins -- Quievrain,33,Bergen
IC Liege-Guillemins -- Quievrain,33,Bergen
IC Liege-Guillemins -- Quievrain,33,Bergen
IC Liege-Guillemins -- Quievrain,35,Jurbeke
IC Saint-Nicolas -- Courtrai,30,Doornik
IC Saint-Nicolas -- Courtrai,30,Doornik
IC Saint-Nicolas -- Courtrai,28,Leuze
IC Saint-Nicolas -- Courtrai,28,Leuze
IC Saint-Nicolas -- Courtrai,28,Leuze
IC Saint-Nicolas -- Courtrai,30,Aat
IC Saint-Nicolas -- Courtrai,30,Aat
IC Saint-Nicolas -- Courtrai,30,Aat
IC Saint-Nicolas -- Courtrai,30,Aat
IC Saint-Nicolas -- Courtrai,30,Aat
IC Saint-Nicolas -- Courtrai,28,Opzullik
IC Saint-Nicolas -- Courtrai,30,Edingen
IC Saint-Nicolas -- Courtrai,30,Edingen
IC Saint-Nicolas -- Courtrai,29,Halle
IC Saint-Nicolas -- Courtrai,30,Edingen
IC Saint-Nicolas -- Courtrai,30,Edingen
IC Saint-Nicolas -- Courtrai,29,Brussel-Zuid
IC Saint-Nicolas -- Courtrai,29,Brussel-Zuid
L Liege-Guillemins -- Namur,9,Nameche
IC Anvers-Luchtbal -- Charleroi-Sud,8,Brussel-Noord
S41 Liege-Saint-Lambert -- Verviers-Central,24,Angleur
S41 Liege-Saint-Lambert -- Verviers-Central,24,Angleur
S41 Liege-Saint-Lambert -- Verviers-Central,24,Angleur
S41 Liege-Saint-Lambert -- Verviers-Central,24,Angleur
L Libramont -- Arlon,18,Aubange
L Libramont -- Arlon,18,Aubange
L Libramont -- Arlon,18,Aubange
L Libramont -- Arlon,18,Aubange
S2 Louvain -- Braine-Le-Comte,13,Brussel-Zuid
L Libramont -- Arlon,18,Aubange
L Libramont -- Arlon,18,Aubange
S2 Louvain -- Braine-Le-Comte,13,Brussel-Zuid
S32 Roosendaal (nl) -- Puurs,30,Kijkuit
S32 Roosendaal (nl) -- Puurs,41,Boom
S32 Roosendaal (nl) -- Puurs,36,Hemiksem,2022-12-08(10:05:01)
S32 Roosendaal (nl) -- Puurs,53,Heide,2022-12-08(10:10:01)
S32 Roosendaal (nl) -- Puurs,41,Boom,2022-12-08(10:15:01)
S32 Roosendaal (nl) -- Puurs,39,Antwerpen-Berchem,2022-12-08(10:30:01)
S8 Louvain-La-Neuve -- Bruxelles-Midi,15,Bosvoorde,2022-12-08(15:55:01)
S8 Louvain-La-Neuve -- Bruxelles-Midi,15,Watermaal,2022-12-08(16:00:01)
IC Anvers-Central -- Louvain,17,Wezemaal,2022-12-08(16:05:01)
IC Anvers-Central -- Louvain,19,Aarschot,2022-12-08(16:10:01)
IC Anvers-Central -- Louvain,19,Aarschot,2022-12-08(16:15:01)
S8 Louvain-La-Neuve -- Bruxelles-Midi,18,Brussel-Schuman,2022-12-08(16:20:01)
S32 Roosendaal (nl) -- Puurs,26,Kalmthout,2022-12-08(16:50:02)
IC Luxembourg (l) -- Bruxelles-Midi,26,Gembloux,2022-12-08(16:55:01)
IC Luxembourg (l) -- Bruxelles-Midi,26,Gembloux,2022-12-08(17:00:01)
IC Luxembourg (l) -- Bruxelles-Midi,26,Gembloux,2022-12-08(17:05:01)
IC Luxembourg (l) -- Bruxelles-Midi,27,Ottignies,2022-12-08(17:10:01)
IC Luxembourg (l) -- Bruxelles-Midi,27,Ottignies,2022-12-08(17:15:01)
IC Luxembourg (l) -- Bruxelles-Midi,27,Ottignies,2022-12-08(17:20:01)
IC Luxembourg (l) -- Bruxelles-Midi,27,Ottignies,2022-12-08(17:25:02)
IC Luxembourg (l) -- Bruxelles-Midi,26,Brussel-Luxemburg,2022-12-08(17:30:01)
IC Luxembourg (l) -- Bruxelles-Midi,26,Brussel-Luxemburg,2022-12-08(17:35:01)
IC Luxembourg (l) -- Bruxelles-Midi,26,Brussel-Luxemburg,2022-12-08(17:40:01)
IC Luxembourg (l) -- Bruxelles-Midi,27,Brussel-Noord,2022-12-08(17:45:01)
,17,Opzullik,2022-12-08(17:50:01)
IC Eupen -- Ostende,17,Gent-Sint-Pieters,2022-12-08(17:55:01)
IC Eupen -- Ostende,21,Gent-Sint-Pieters,2022-12-08(18:00:01)
IC Eupen -- Ostende,21,Gent-Sint-Pieters,2022-12-08(18:05:01)
IC Eupen -- Ostende,21,Gent-Sint-Pieters,2022-12-08(18:10:01)
IC Eupen -- Ostende,21,Gent-Sint-Pieters,2022-12-08(18:15:01)
IC Bruxelles-Midi -- Liege-Saint-Lambert,20,Luik-Guillemins,2022-12-08(18:20:01)
IC Bruxelles-Midi -- Liege-Saint-Lambert,20,Luik-Guillemins,2022-12-08(18:25:01)
S1 Nivelles -- Anvers-Central,21,Vorst-Oost,2022-12-08(18:30:01)
IC Bruxelles-Midi -- Anvers-Central,25,Antwerpen-Berchem,2022-12-08(18:35:01)
S1 Nivelles -- Anvers-Central,25,Sint-Genesius-Rode,2022-12-08(18:40:01)
P Namur -- Rochefort-Jemelle,25,Ciney,2022-12-08(18:45:01)
P Namur -- Rochefort-Jemelle,26,Ciney,2022-12-08(18:50:01)
P Namur -- Rochefort-Jemelle,26,Ciney,2022-12-08(18:55:01)
L Yvoir -- Libramont,46,Houyet,2022-12-08(19:00:01)
L Yvoir -- Libramont,44,Gendron-Celles,2022-12-08(19:05:01)
IC Tongres -- Gand-Saint-Pierre,23,Merelbeke,2022-12-08(19:10:01)
IC Tongres -- Gand-Saint-Pierre,21,Melle,2022-12-08(19:15:01)
IC Landen -- Gand-Saint-Pierre,30,Erembodegem,2022-12-08(19:20:01)
IC Landen -- Gand-Saint-Pierre,30,Erembodegem,2022-12-08(19:25:01)
IC Landen -- Gand-Saint-Pierre,34,Liedekerke,2022-12-08(19:30:01)
IC Landen -- Gand-Saint-Pierre,34,Liedekerke,2022-12-08(19:35:01)
IC Landen -- Gand-Saint-Pierre,34,Liedekerke,2022-12-08(19:40:01)
IC Genk -- Blankenberge,43,Landen,2022-12-08(19:45:01)
IC Genk -- Blankenberge,49,Landen,2022-12-08(19:50:01)
IC Genk -- Blankenberge,52,Landen,2022-12-08(19:55:01)
IC Genk -- Blankenberge,52,Landen,2022-12-08(20:00:01)
IC Genk -- Blankenberge,52,Sint-Truiden,2022-12-08(20:05:01)
IC Genk -- Blankenberge,52,Landen,2022-12-08(20:10:01)
IC Genk -- Blankenberge,51,Alken,2022-12-08(20:15:01)
IC Genk -- Blankenberge,51,Alken,2022-12-08(20:20:01)
IC Genk -- Blankenberge,55,Hasselt,2022-12-08(20:25:01)
IC Genk -- Blankenberge,55,Hasselt,2022-12-08(20:30:02)
IC Genk -- Blankenberge,55,Hasselt,2022-12-08(20:35:01)
S1 Nivelles -- Anvers-Central,26,Sint-Genesius-Rode,2022-12-08(20:40:01)
S1 Nivelles -- Anvers-Central,13,Sint-Katelijne-Waver,2022-12-08(20:45:01)
IC Schaerbeek -- Courtrai,13,Zottegem,2022-12-08(21:00:01)
L Libramont -- Arlon,13,Halanzy,2022-12-08(21:15:01)
L Libramont -- Arlon,13,Halanzy,2022-12-08(21:20:02)
L Libramont -- Arlon,13,Halanzy,2022-12-08(21:25:01)
S1 Nivelles -- Anvers-Central,21,Eigenbrakel,2022-12-08(21:30:01)
S32 Roosendaal (nl) -- Puurs,34,Ekeren,2022-12-08(21:35:01)
S1 Nivelles -- Anvers-Central,22,Waterloo,2022-12-08(21:40:01)
S1 Nivelles -- Anvers-Central,21,Linkebeek,2022-12-08(21:45:01)
S32 Roosendaal (nl) -- Puurs,33,Heide,2022-12-08(21:50:01)
S32 Roosendaal (nl) -- Puurs,35,Kalmthout,2022-12-08(21:55:01)
S32 Roosendaal (nl) -- Puurs,34,Wildert,2022-12-08(22:00:01)
S1 Nivelles -- Anvers-Central,18,Brussel-Centraal,2022-12-08(22:05:01)
L Liege-Guillemins -- Namur,12,Bas-Oha,2022-12-08(22:10:01)
S1 Nivelles -- Anvers-Central,20,Schaarbeek,2022-12-08(22:15:01)
L Liege-Guillemins -- Namur,22,Bas-Oha,2022-12-08(22:20:01)
L Liege-Guillemins -- Namur,28,Bas-Oha,2022-12-08(22:25:01)
L Liege-Guillemins -- Namur,30,Statte,2022-12-08(22:30:01)
L Liege-Guillemins -- Namur,33,Statte,2022-12-08(22:35:01)
L Liege-Guillemins -- Namur,32,Hoei,2022-12-08(22:40:01)
L Liege-Guillemins -- Namur,32,Hoei,2022-12-08(22:45:01)
L Liege-Guillemins -- Namur,37,Ampsin,2022-12-08(22:50:01)
L Liege-Guillemins -- Namur,37,Ampsin,2022-12-08(22:55:01)
L Liege-Guillemins -- Namur,37,Ampsin,2022-12-08(23:00:01)
L Liege-Guillemins -- Namur,31,Bas-Oha,2022-12-08(23:05:01)
L Liege-Guillemins -- Namur,31,Bas-Oha,2022-12-08(23:10:01)
L Liege-Guillemins -- Namur,31,Bas-Oha,2022-12-08(23:15:01)
L Liege-Guillemins -- Namur,31,Bas-Oha,2022-12-08(23:20:01)
L Liege-Guillemins -- Namur,31,Bas-Oha,2022-12-08(23:25:01)
S1 Anvers-Central -- Charleroi-Sud,14,Mortsel,2022-12-08(23:30:01)
S1 Anvers-Central -- Charleroi-Sud,14,Mortsel-Liersesteenweg,2022-12-08(23:35:01)
S1 Anvers-Central -- Charleroi-Sud,14,Kontich-Lint,2022-12-08(23:40:01)
S1 Anvers-Central -- Charleroi-Sud,12,Sint-Katelijne-Waver,2022-12-08(23:45:01)
S1 Anvers-Central -- Charleroi-Sud,12,Mechelen-Nekkerspoel,2022-12-08(23:50:01)
S1 Anvers-Central -- Charleroi-Sud,12,Mechelen,2022-12-08(23:55:01)
S1 Anvers-Central -- Charleroi-Sud,12,Mechelen,2022-12-09(00:00:01)
S1 Anvers-Central -- Charleroi-Sud,7,Weerde,2022-12-09(00:05:01)
S1 Anvers-Central -- Charleroi-Sud,7,Weerde,2022-12-09(00:10:01)
S1 Anvers-Central -- Charleroi-Sud,7,Schaarbeek,2022-12-09(00:15:01)
S1 Anvers-Central -- Charleroi-Sud,7,Schaarbeek,2022-12-09(00:20:01)
S1 Anvers-Central -- Charleroi-Sud,7,Brussel-Centraal,2022-12-09(00:25:01)
S1 Anvers-Central -- Charleroi-Sud,6,Brussel-Zuid,2022-12-09(00:30:01)
S1 Anvers-Central -- Charleroi-Sud,6,Brussel-Zuid,2022-12-09(00:35:01)
S1 Anvers-Central -- Charleroi-Sud,6,Brussel-Zuid,2022-12-09(00:40:01)
S1 Anvers-Central -- Charleroi-Sud,6,Brussel-Zuid,2022-12-09(00:45:01)
S1 Anvers-Central -- Charleroi-Sud,6,Brussel-Zuid,2022-12-09(00:50:01)
S1 Anvers-Central -- Charleroi-Sud,6,Brussel-Zuid,2022-12-09(00:55:01)
S1 Anvers-Central -- Charleroi-Sud,6,Brussel-Zuid,2022-12-09(01:00:02)
S1 Anvers-Central -- Charleroi-Sud,6,Brussel-Zuid,2022-12-09(01:05:01)
IC Anvers-Central -- Poperinge,2,Gent-Dampoort,2022-12-09(03:10:01)
IC Anvers-Central -- Poperinge,2,Gent-Dampoort,2022-12-09(03:15:01)
IC Anvers-Central -- Poperinge,2,Gent-Dampoort,2022-12-09(03:20:01)
IC Anvers-Central -- Poperinge,2,Gent-Dampoort,2022-12-09(03:25:01)
IC Anvers-Central -- Poperinge,2,Gent-Dampoort,2022-12-09(03:30:01)
IC Anvers-Central -- Poperinge,2,Gent-Dampoort,2022-12-09(03:35:01)
IC Anvers-Central -- Poperinge,2,Gent-Dampoort,2022-12-09(03:40:01)
IC Anvers-Central -- Poperinge,2,Gent-Dampoort,2022-12-09(03:45:01)
IC Anvers-Central -- Poperinge,2,Gent-Dampoort,2022-12-09(03:50:01)
IC Anvers-Central -- Poperinge,2,Gent-Dampoort,2022-12-09(03:55:01)
IC Anvers-Central -- Poperinge,2,Gent-Dampoort,2022-12-09(04:00:01)
IC Anvers-Central -- Poperinge,2,Gent-Dampoort,2022-12-09(04:05:01)
IC Anvers-Central -- Poperinge,2,Gent-Dampoort,2022-12-09(04:10:01)
IC Anvers-Central -- Gand-Saint-Pierre,2,Gent-Dampoort,2022-12-09(04:15:01)
IC Anvers-Central -- Gand-Saint-Pierre,2,Gent-Dampoort,2022-12-09(04:20:01)
IC Anvers-Central -- Gand-Saint-Pierre,2,Gent-Dampoort,2022-12-09(04:25:01)
IC Genk -- Bruges,4,Aalter,2022-12-09(04:30:01)
IC Genk -- Bruges,4,Aalter,2022-12-09(04:35:01)
IC Genk -- Bruges,4,Aalter,2022-12-09(04:40:01)
P Schaerbeek -- Ostende,8,Brugge,2022-12-09(04:45:02)
P Schaerbeek -- Ostende,8,Brugge,2022-12-09(04:50:01)
IC Genk -- Bruges,18,Gent-Sint-Pieters,2022-12-09(04:55:01)
IC Genk -- Bruges,18,Gent-Sint-Pieters,2022-12-09(05:00:01)
IC Genk -- Bruges,18,Gent-Sint-Pieters,2022-12-09(05:05:01)
IC Genk -- Bruges,18,Gent-Sint-Pieters,2022-12-09(05:10:01)
IC Genk -- Bruges,18,Gent-Sint-Pieters,2022-12-09(05:15:01)
IC Genk -- Bruges,18,Gent-Sint-Pieters,2022-12-09(05:20:01)
IC Genk -- Bruges,18,Gent-Sint-Pieters,2022-12-09(05:25:01)
IC Genk -- Bruges,22,Brussel-Zuid,2022-12-09(05:30:01)
IC Genk -- Bruges,22,Brussel-Zuid,2022-12-09(05:35:01)
IC Genk -- Bruges,25,Brussel-Centraal,2022-12-09(05:40:01)
IC Genk -- Bruges,26,Brussel-Centraal,2022-12-09(05:45:01)
IC Eupen -- Ostende,29,Gent-Sint-Pieters,2022-12-09(05:50:01)
IC Eupen -- Ostende,29,Gent-Sint-Pieters,2022-12-09(05:55:01)
IC Eupen -- Ostende,29,Gent-Sint-Pieters,2022-12-09(06:00:01)
P Anvers-Central -- Louvain,36,Wezemaal,2022-12-09(06:05:01)
P Anvers-Central -- Louvain,37,Aarschot,2022-12-09(06:10:01)
P Malines -- Hasselt,34,Diest,2022-12-09(07:15:01)
P Malines -- Hasselt,35,Testelt,2022-12-09(07:20:01)
P Malines -- Hasselt,36,Testelt,2022-12-09(07:25:01)
P Malines -- Hasselt,36,Testelt,2022-12-09(07:30:01)
IC Eupen -- Ostende,33,Luik-Guillemins,2022-12-09(07:35:01)
P Bruxelles-Midi -- Gembloux,34,Ottignies,2022-12-09(07:40:01)
P Bruxelles-Midi -- Gembloux,34,Ottignies,2022-12-09(07:45:01)
IC Genk -- Blankenberge,24,Landen,2022-12-09(08:25:01)
IC Genk -- Blankenberge,25,Tienen,2022-12-09(08:30:01)
IC Genk -- Blankenberge,29,Landen,2022-12-09(08:35:01)
IC Genk -- Blankenberge,29,Landen,2022-12-09(08:40:01)
IC Genk -- Blankenberge,29,Landen,2022-12-09(08:45:01)
S1 Nivelles -- Anvers-Central,29,Schaarbeek,2022-12-09(08:50:01)
S1 Nivelles -- Anvers-Central,29,Schaarbeek,2022-12-09(08:55:01)
S1 Nivelles -- Anvers-Central,29,Schaarbeek,2022-12-09(09:00:01)
IC Genk -- Blankenberge,36,Alken,2022-12-09(09:05:01)
IC Genk -- Blankenberge,36,Hasselt,2022-12-09(09:10:01)
IC Genk -- Blankenberge,36,Hasselt,2022-12-09(09:15:01)
IC Genk -- Blankenberge,38,Kiewit,2022-12-09(09:20:01)
IC Luxembourg (l) -- Bruxelles-Midi,28,Libramont,2022-12-09(09:25:01)
IC Luxembourg (l) -- Bruxelles-Midi,28,Libramont,2022-12-09(09:30:01)
IC Luxembourg (l) -- Bruxelles-Midi,28,Libramont,2022-12-09(09:35:01)
IC Luxembourg (l) -- Bruxelles-Midi,26,Marbehan,2022-12-09(09:40:01)
IC Luxembourg (l) -- Bruxelles-Midi,26,Marbehan,2022-12-09(09:45:01)
S61 Wavre -- Jambes,24,Aiseau,2022-12-09(09:50:01)
S4 Malines -- Alost,22,Etterbeek,2022-12-09(09:55:01)
S1 Nivelles -- Anvers-Central,25,Vilvoorde,2022-12-09(10:00:01)
S1 Nivelles -- Anvers-Central,25,Vilvoorde,2022-12-09(10:05:01)
S1 Nivelles -- Anvers-Central,25,Vilvoorde,2022-12-09(10:10:01)
S1 Nivelles -- Anvers-Central,36,Kontich-Lint,2022-12-09(10:35:01)
S1 Nivelles -- Anvers-Central,36,Kontich-Lint,2022-12-09(10:40:01)
S1 Nivelles -- Anvers-Central,35,Sint-Katelijne-Waver,2022-12-09(10:45:01)
S1 Nivelles -- Anvers-Central,34,Mechelen,2022-12-09(10:50:01)
S1 Nivelles -- Anvers-Central,35,Sint-Katelijne-Waver,2022-12-09(10:53:53)
S1 Nivelles -- Anvers-Central,35,Sint-Katelijne-Waver,2022-12-09(10:55:01)
IC Brussels Airport - Zaventem -- Ostende,36,Brussel-Noord,2022-12-09(10:55:46)
IC Brussels Airport - Zaventem -- Ostende,36,Brussel-Noord,2022-12-09(10:56:17)
IC Brussels Airport - Zaventem -- Ostende,37,Brussel-Noord,2022-12-09(10:56:40)
IC Brussels Airport - Zaventem -- Ostende,38,Brussel-Noord,2022-12-09(11:00:01)
S2 Louvain -- Braine-Le-Comte,29,Brussel-Zuid,2022-12-09(11:30:01)
S8 Louvain-La-Neuve -- Bruxelles-Midi,27,Brussel-Centraal,2022-12-09(11:35:01)
L Liege-Guillemins -- Namur,18,Ampsin,2022-12-09(11:36:50)
S64 Charleroi-Sud -- Couvin,21,Philippeville,2022-12-09(11:47:04)
S64 Charleroi-Sud -- Couvin,21,Philippeville,2022-12-09(11:47:31)
S4 Malines -- Alost,19,Etterbeek,2022-12-09(11:50:01)
S4 Malines -- Alost,19,Etterbeek,2022-12-09(11:52:04)
S4 Malines -- Alost,19,Etterbeek,2022-12-09(11:53:56)
S4 Malines -- Alost,18,Delta,2022-12-09(11:54:33)
S4 Malines -- Alost,18,Delta,2022-12-09(11:55:01)
IC Anvers-Central -- La Panne,18,Gent-Dampoort,2022-12-09(11:58:58)
IC Anvers-Central -- La Panne,18,Gent-Dampoort,2022-12-09(11:59:34)
IC Anvers-Central -- La Panne,18,Gent-Dampoort,2022-12-09(12:00:01)
IC Anvers-Central -- La Panne,18,Gent-Dampoort,2022-12-09(12:03:46)
S4 Malines -- Alost,20,Meiser,2022-12-09(12:04:05)
S4 Malines -- Alost,20,Meiser,2022-12-09(12:04:11)
S4 Malines -- Alost,21,Meiser,2022-12-09(12:05:01)
S4 Malines -- Alost,21,Meiser,2022-12-09(12:10:01)
S2 Louvain -- Braine-Le-Comte,17,Schaarbeek,2022-12-09(12:15:01)
IC Bruxelles-Midi -- Liege-Saint-Lambert,21,Flemalle-Haute,2022-12-09(12:20:01)
IC Bruxelles-Midi -- Liege-Saint-Lambert,21,Flemalle-Haute,2022-12-09(12:25:01)
IC Bruxelles-Midi -- Liege-Saint-Lambert,19,Hoei,2022-12-09(12:30:01)
IC Bruxelles-Midi -- Liege-Saint-Lambert,19,Statte,2022-12-09(12:35:01)
IC Brussels Airport - Zaventem -- Knokke,24,Heist,2022-12-09(12:40:02)
IC Brussels Airport - Zaventem -- Knokke,32,Heist,2022-12-09(12:45:01)
IC Brussels Airport - Zaventem -- Knokke,32,Heist,2022-12-09(12:50:01)
IC Brussels Airport - Zaventem -- Knokke,32,Heist,2022-12-09(12:55:01)
IC Brussels Airport - Zaventem -- Knokke,30,Brugge,2022-12-09(13:00:01)
IC Brussels Airport - Zaventem -- Knokke,30,Brugge,2022-12-09(13:05:01)
IC Brussels Airport - Zaventem -- Knokke,30,Brugge,2022-12-09(13:10:01)
L Malines -- Zeebrugge-Dorp,23,Beernem,2022-12-09(13:12:11)
L Malines -- Zeebrugge-Dorp,23,Beernem,2022-12-09(13:15:01)
L Malines -- Zeebrugge-Dorp,24,Aalter,2022-12-09(13:18:10)
L Malines -- Zeebrugge-Dorp,24,Aalter,2022-12-09(13:20:01)
L Malines -- Zeebrugge-Dorp,24,Aalter,2022-12-09(13:25:01)
L Malines -- Zeebrugge-Dorp,24,Aalter,2022-12-09(13:30:01)
L Malines -- Zeebrugge-Dorp,35,Bellem,2022-12-09(13:35:01)
L Malines -- Zeebrugge-Dorp,33,Landegem,2022-12-09(13:40:01)
L Malines -- Zeebrugge-Dorp,33,Landegem,2022-12-09(13:45:01)
L Malines -- Zeebrugge-Dorp,34,Gent-Sint-Pieters,2022-12-09(13:50:01)
L Malines -- Zeebrugge-Dorp,34,Gent-Sint-Pieters,2022-12-09(13:55:01)
L Malines -- Zeebrugge-Dorp,30,Merelbeke,2022-12-09(14:00:01)
L Malines -- Zeebrugge-Dorp,31,Melle,2022-12-09(14:05:01)
L Malines -- Zeebrugge-Dorp,31,Kwatrecht,2022-12-09(14:10:01)
L Malines -- Zeebrugge-Dorp,31,Schellebelle,2022-12-09(14:15:01)
L Malines -- Zeebrugge-Dorp,31,Wichelen,2022-12-09(14:20:01)
L Malines -- Zeebrugge-Dorp,31,Schellebelle,2022-12-09(14:25:01)
L Malines -- Zeebrugge-Dorp,30,Dendermonde,2022-12-09(14:30:01)
S42 Liers -- Flemalle-Haute,26,Ougree,2022-12-09(14:35:01)
S42 Liers -- Flemalle-Haute,30,Ougree,2022-12-09(14:40:01)
S42 Liers -- Flemalle-Haute,36,Ougree,2022-12-09(14:45:01)
S42 Liers -- Flemalle-Haute,41,Ougree,2022-12-09(14:50:01)
S42 Liers -- Flemalle-Haute,46,Ougree,2022-12-09(14:55:01)
S42 Liers -- Flemalle-Haute,51,Ougree,2022-12-09(15:00:01)
S42 Liers -- Flemalle-Haute,56,Ougree,2022-12-09(15:05:01)
S42 Liers -- Flemalle-Haute,61,Ougree,2022-12-09(15:10:01)
S42 Liers -- Flemalle-Haute,65,Ougree,2022-12-09(15:15:01)
S42 Liers -- Flemalle-Haute,67,Ougree,2022-12-09(15:20:01)
S42 Liers -- Flemalle-Haute,67,Ougree,2022-12-09(15:25:01)
S42 Liers -- Flemalle-Haute,67,Ougree,2022-12-09(15:25:54)
S19 Brussels Airport - Zaventem -- Charleroi-Sud,40,Marchienne-Au-Pont,2022-12-09(15:30:01)
S19 Brussels Airport - Zaventem -- Charleroi-Sud,42,Roux,2022-12-09(15:35:01)
S19 Brussels Airport - Zaventem -- Charleroi-Sud,41,Luttre,2022-12-09(15:40:01)
S19 Brussels Airport - Zaventem -- Charleroi-Sud,41,Luttre,2022-12-09(15:45:01)
S19 Brussels Airport - Zaventem -- Charleroi-Sud,41,Luttre,2022-12-09(15:50:01)
IC Liege-Saint-Lambert -- Tournai,45,Hoei,2022-12-09(15:55:01)
IC Liege-Saint-Lambert -- Tournai,43,Statte,2022-12-09(16:00:01)
S19 Brussels Airport - Zaventem -- Charleroi-Sud,42,Eigenbrakel,2022-12-09(16:05:01)
IC Liege-Saint-Lambert -- Tournai,41,Andenne,2022-12-09(16:10:01)
IC Liege-Saint-Lambert -- Tournai,41,Andenne,2022-12-09(16:15:01)
IC Liege-Saint-Lambert -- Tournai,38,Namen,2022-12-09(16:20:01)
IC Liege-Saint-Lambert -- Tournai,38,Namen,2022-12-09(16:25:01)
IC Liege-Saint-Lambert -- Tournai,38,Namen,2022-12-09(16:30:01)
IC Liege-Saint-Lambert -- Tournai,38,Namen,2022-12-09(16:35:01)
IC Liege-Saint-Lambert -- Tournai,38,Namen,2022-12-09(16:40:01)
S19 Brussels Airport - Zaventem -- Charleroi-Sud,34,Nijvel,2022-12-09(16:45:01)
IC Liege-Saint-Lambert -- Tournai,33,Ottignies,2022-12-09(16:50:01)
S19 Brussels Airport - Zaventem -- Charleroi-Sud,34,Eigenbrakel,2022-12-09(16:55:01)
S19 Brussels Airport - Zaventem -- Charleroi-Sud,36,Waterloo,2022-12-09(17:00:01)
IC Liege-Guillemins -- Mons,30,Tamines,2022-12-09(17:05:01)
S19 Brussels Airport - Zaventem -- Charleroi-Sud,35,Linkebeek,2022-12-09(17:10:01)
IC Liege-Guillemins -- Mons,30,Tamines,2022-12-09(17:15:01)
IC Liege-Guillemins -- Mons,29,Namen,2022-12-09(17:20:01)
IC Liege-Guillemins -- Mons,29,Namen,2022-12-09(17:25:01)
IC Liege-Guillemins -- Mons,29,Namen,2022-12-09(17:30:02)
IC Liege-Guillemins -- Mons,29,Namen,2022-12-09(17:35:01)
IC Liege-Guillemins -- Mons,29,Andenne,2022-12-09(17:40:01)
IC Namur -- Tournai,31,Bergen,2022-12-09(17:45:01)
S81 Schaerbeek -- Ottignies,64,Brussel-Schuman,2022-12-09(17:50:01)
S81 Schaerbeek -- Ottignies,63,Etterbeek,2022-12-09(17:55:01)
S81 Schaerbeek -- Ottignies,63,Etterbeek,2022-12-09(18:00:02)
P Mons -- Quevy,61,Genly,2022-12-09(18:05:01)
S1 Nivelles -- Anvers-Central,33,Brussel-Zuid,2022-12-09(18:10:01)
IC Schaerbeek -- Courtrai,41,Burst,2022-12-09(18:15:01)
IC Schaerbeek -- Courtrai,41,Burst,2022-12-09(18:20:01)
IC Schaerbeek -- Courtrai,43,Zottegem,2022-12-09(18:25:01)
IC Schaerbeek -- Courtrai,44,Zottegem,2022-12-09(18:30:01)
IC Schaerbeek -- Courtrai,44,Zottegem,2022-12-09(18:35:01)
IC Schaerbeek -- Courtrai,43,Oudenaarde,2022-12-09(18:40:01)
S1 Nivelles -- Anvers-Central,42,Vilvoorde,2022-12-09(18:45:01)
S1 Nivelles -- Anvers-Central,42,Vilvoorde,2022-12-09(18:50:01)
S1 Nivelles -- Anvers-Central,43,Weerde,2022-12-09(18:55:01)
S1 Nivelles -- Anvers-Central,26,Vilvoorde,2022-12-09(19:00:01)
S1 Nivelles -- Anvers-Central,22,Mechelen,2022-12-09(19:05:01)
S5 Malines -- Enghien,22,Weerde,2022-12-09(19:10:01)
S5 Malines -- Enghien,22,Vilvoorde,2022-12-09(19:15:01)
IC Namur -- Tournai,24,Tamines,2022-12-09(19:20:01)
IC Essen -- Charleroi-Sud,24,Brussel-Noord,2022-12-09(19:25:01)
S62 Luttre -- Charleroi-Sud,31,Marchienne-Au-Pont,2022-12-09(19:30:01)
S62 Luttre -- Charleroi-Sud,31,Marchienne-Au-Pont,2022-12-09(19:35:01)
S62 Luttre -- Charleroi-Sud,31,Marchienne-Au-Pont,2022-12-09(19:40:01)
S62 Luttre -- Charleroi-Sud,30,Carnieres,2022-12-09(19:45:01)
S62 Luttre -- Charleroi-Sud,29,La Louviere-Zuid,2022-12-09(19:50:01)
S62 Luttre -- Charleroi-Sud,28,La Louviere- Centrum,2022-12-09(19:55:01)
S62 Luttre -- Charleroi-Sud,29,La Louviere- Centrum,2022-12-09(20:00:01)
IC Essen -- Charleroi-Sud,34,Eigenbrakel,2022-12-09(20:05:02)
S1 Nivelles -- Anvers-Central,28,Brussel-Centraal,2022-12-09(20:10:01)
S1 Nivelles -- Anvers-Central,29,Brussel-Centraal,2022-12-09(20:15:01)
S1 Nivelles -- Anvers-Central,28,Schaarbeek,2022-12-09(20:20:01)
S1 Nivelles -- Anvers-Central,28,Schaarbeek,2022-12-09(20:25:01)
S1 Nivelles -- Anvers-Central,28,Vilvoorde,2022-12-09(20:30:01)
S1 Nivelles -- Anvers-Central,28,Vilvoorde,2022-12-09(20:35:02)
S1 Nivelles -- Anvers-Central,26,Mechelen,2022-12-09(20:40:01)
S1 Nivelles -- Anvers-Central,26,Mechelen,2022-12-09(20:45:01)
IC Anvers-Luchtbal -- Charleroi-Sud,22,Luttre,2022-12-09(20:50:01)
IC Essen -- Charleroi-Sud,24,Antwerpen-Berchem,2022-12-09(20:55:01)
IC Essen -- Charleroi-Sud,29,Eigenbrakel,2022-12-09(21:00:01)
IC Essen -- Charleroi-Sud,29,Eigenbrakel,2022-12-09(21:05:01)
IC Essen -- Charleroi-Sud,27,Nijvel,2022-12-09(21:10:01)
IC Essen -- Charleroi-Sud,27,Luttre,2022-12-09(21:15:01)
IC Anvers-Central -- Turnhout,18,Lier,2022-12-09(21:20:01)
L Liers -- Marloie,17,Bomal,2022-12-09(21:25:01)
L Liers -- Marloie,17,Bomal,2022-12-09(21:30:01)
L Liers -- Marloie,17,Bomal,2022-12-09(21:35:01)
L Liers -- Marloie,17,Rivage,2022-12-09(21:40:01)
L Liers -- Marloie,18,Poulseur,2022-12-09(21:45:01)
L Liers -- Marloie,18,Poulseur,2022-12-09(21:50:01)
L Liers -- Marloie,17,Mery,2022-12-09(21:55:01)
L Liers -- Marloie,17,Mery,2022-12-09(22:00:01)
L Liers -- Marloie,17,Luik-Guillemins,2022-12-09(22:05:01)
L Liers -- Marloie,16,Luik-Carre,2022-12-09(22:10:01)
L Liers -- Marloie,18,Luik-Sint-Lambertus,2022-12-09(22:15:01)
L Liers -- Marloie,17,Herstal,2022-12-09(22:20:01)
L Louvain -- Saint-Nicolas,10,Willebroek,2022-12-09(22:25:01)
L Louvain -- Saint-Nicolas,9,Mechelen,2022-12-09(22:30:01)
L Louvain -- Saint-Nicolas,9,Mechelen,2022-12-09(22:35:01)
IC Genk -- Bruges,16,Gent-Sint-Pieters,2022-12-09(22:40:01)
IC Genk -- Bruges,16,Gent-Sint-Pieters,2022-12-09(22:45:01)
S8 Louvain-La-Neuve -- Bruxelles-Midi,6,Watermaal,2022-12-09(22:50:01)
IC Landen -- Gand-Saint-Pierre,6,Aalst,2022-12-09(22:55:01)
S8 Louvain-La-Neuve -- Bruxelles-Midi,6,Brussel-Luxemburg,2022-12-09(23:00:01)
S64 Charleroi-Sud -- Couvin,38,Philippeville,2022-12-10(09:45:01)
S64 Charleroi-Sud -- Couvin,41,Mariembourg,2022-12-10(09:50:01)
S10 Termonde -- Alost,7,Ternat,2022-12-10(18:05:06)
S10 Termonde -- Alost,7,Ternat,2022-12-10(23:45:01)
IC Anvers-Central -- Hasselt,28,Wezemaal,2022-12-10(23:50:01)
IC Anvers-Central -- Hasselt,28,Leuven,2022-12-10(23:55:01)
IC Anvers-Central -- Hasselt,28,Leuven,2022-12-11(00:00:01)
IC Landen -- La Panne,17,Brussels Airport - Zaventem,2022-12-11(12:00:33)
IC Landen -- La Panne,17,Brussels Airport - Zaventem,2022-12-11(12:05:01)
IC Liers -- Mouscron,22,Blaton,2022-12-11(12:10:01)
IC Liers -- Mouscron,27,Blaton,2022-12-11(12:15:01)
IC Liers -- Mouscron,31,Blaton,2022-12-11(12:20:01)
IC Liers -- Mouscron,34,Blaton,2022-12-11(12:23:02)
IC Liers -- Mouscron,35,Blaton,2022-12-11(12:23:49)
IC Liers -- Mouscron,36,Blaton,2022-12-11(12:25:01)
IC Liers -- Mouscron,42,Blaton,2022-12-11(12:30:01)
IC Liers -- Mouscron,47,Blaton,2022-12-11(12:35:01)
IC Liers -- Mouscron,52,Blaton,2022-12-11(12:40:01)
IC Liers -- Mouscron,57,Blaton,2022-12-11(12:45:01)
IC Anvers-Central -- Poperinge,19,Wevelgem,2022-12-11(16:45:01)
S2 Louvain -- Braine-Le-Comte,75,Tubeke,2022-12-12(09:50:01)
S2 Louvain -- Braine-Le-Comte,74,Halle,2022-12-12(09:55:01)
S2 Louvain -- Braine-Le-Comte,73,Buizingen,2022-12-12(10:00:01)
S2 Louvain -- Braine-Le-Comte,72,Lot,2022-12-12(10:05:01)
S2 Louvain -- Braine-Le-Comte,73,Brussel-Zuid,2022-12-12(10:10:01)
S2 Louvain -- Braine-Le-Comte,52,Lot,2022-12-12(10:15:01)
S2 Louvain -- Braine-Le-Comte,52,Lot,2022-12-12(10:20:01)
S2 Louvain -- Braine-Le-Comte,52,Lot,2022-12-12(10:25:01)
S2 Louvain -- Braine-Le-Comte,60,Brussel-Zuid,2022-12-12(10:30:01)
S2 Louvain -- Braine-Le-Comte,35,Brussel-Zuid,2022-12-12(10:35:01)
S9 Nivelles -- Landen,28,Eigenbrakel,2022-12-12(10:40:01)
IC Herstal -- Mons,29,Luik-Carre,2022-12-12(10:45:01)
S1 Nivelles -- Anvers-Central,28,Mechelen,2022-12-12(10:50:01)
IC Herstal -- Mons,39,Luik-Carre,2022-12-12(10:55:01)
S2 Louvain -- Braine-Le-Comte,39,Schaarbeek,2022-12-12(11:00:01)
S2 Louvain -- Braine-Le-Comte,39,Schaarbeek,2022-12-12(11:05:01)
S2 Louvain -- Braine-Le-Comte,45,Zaventem,2022-12-12(11:10:01)
S2 Louvain -- Braine-Le-Comte,45,Zaventem,2022-12-12(11:15:01)
IC Bruxelles-Midi -- Liege-Saint-Lambert,34,Luik-Carre,2022-12-12(11:20:01)
S2 Louvain -- Braine-Le-Comte,43,Herent,2022-12-12(11:25:01)
IC Bruxelles-Midi -- Liege-Saint-Lambert,34,Luik-Carre,2022-12-12(11:30:01)
IC Bruxelles-Midi -- Liege-Saint-Lambert,34,Luik-Carre,2022-12-12(11:35:01)
IC Bruxelles-Midi -- Liege-Saint-Lambert,34,Luik-Carre,2022-12-12(11:40:01)
IC Bruxelles-Midi -- Liege-Saint-Lambert,34,Luik-Carre,2022-12-12(11:45:01)
IC Bruxelles-Midi -- Liege-Saint-Lambert,45,Flemalle-Haute,2022-12-12(11:50:01)
L Liers -- Marloie,49,Luik-Carre,2022-12-12(11:55:01)
IC Bruxelles-Midi -- Liege-Saint-Lambert,42,Statte,2022-12-12(12:00:01)
L Liers -- Marloie,52,Luik-Carre,2022-12-12(12:05:00)
L Liers -- Marloie,52,Luik-Carre,2022-12-12(12:10:01)
L Liers -- Marloie,52,Luik-Carre,2022-12-12(12:15:01)
L Liers -- Marloie,52,Luik-Carre,2022-12-12(12:20:01)
L Liers -- Marloie,52,Luik-Carre,2022-12-12(12:25:01)
L Liers -- Marloie,52,Luik-Carre,2022-12-12(12:30:01)
L Liers -- Marloie,52,Luik-Carre,2022-12-12(12:35:01)
IC Bruxelles-Midi -- Liege-Saint-Lambert,35,Gembloux,2022-12-12(12:40:01)
IC Bruxelles-Midi -- Liege-Saint-Lambert,35,Gembloux,2022-12-12(12:45:01)
IC Bruxelles-Midi -- Liege-Saint-Lambert,37,Ottignies,2022-12-12(12:50:01)
IC Bruxelles-Midi -- Liege-Saint-Lambert,37,Ottignies,2022-12-12(12:55:01)
L Liers -- Marloie,45,Luik-Carre,2022-12-12(13:00:01)
L Liers -- Marloie,45,Luik-Carre,2022-12-12(13:05:01)
L Liers -- Marloie,45,Luik-Carre,2022-12-12(13:10:01)
S44 Waremme -- Flemalle-Haute,46,Luik-Guillemins,2022-12-12(13:15:01)
S44 Waremme -- Flemalle-Haute,50,Luik-Guillemins,2022-12-12(13:20:01)
S44 Waremme -- Flemalle-Haute,50,Luik-Guillemins,2022-12-12(13:25:01)
S44 Waremme -- Flemalle-Haute,50,Luik-Guillemins,2022-12-12(13:30:01)
IC Bruxelles-Midi -- Liege-Saint-Lambert,53,Luik-Carre,2022-12-12(13:35:01)
L Liers -- Marloie,79,Angleur,2022-12-12(13:40:01)
L Liers -- Marloie,79,Angleur,2022-12-12(13:45:01)
L Liers -- Marloie,79,Mery,2022-12-12(13:50:01)
L Liers -- Marloie,79,Poulseur,2022-12-12(13:55:01)
S44 Waremme -- Flemalle-Haute,26,Bleret,2022-12-12(14:00:01)
S44 Waremme -- Flemalle-Haute,35,Luik-Guillemins,2022-12-12(14:05:01)
S44 Waremme -- Flemalle-Haute,35,Luik-Guillemins,2022-12-12(14:10:01)
S44 Waremme -- Flemalle-Haute,35,Luik-Guillemins,2022-12-12(14:15:01)
S44 Waremme -- Flemalle-Haute,37,Ans,2022-12-12(14:20:01)
S44 Waremme -- Flemalle-Haute,37,Ans,2022-12-12(14:25:01)
S44 Waremme -- Flemalle-Haute,52,Ougree,2022-12-12(14:30:01)
IC Herstal -- Mons,41,La Louviere-Zuid,2022-12-12(14:35:01)
IC Herstal -- Mons,41,La Louviere-Zuid,2022-12-12(14:40:01)
IC Brussels Airport - Zaventem -- Mons,74,Jurbeke,2022-12-12(14:45:01)
IC Brussels Airport - Zaventem -- Mons,74,Jurbeke,2022-12-12(14:50:01)
L Liers -- Marloie,59,Bomal,2022-12-12(14:55:01)
L Liers -- Marloie,59,Bomal,2022-12-12(15:00:01)
L Liers -- Marloie,59,Bomal,2022-12-12(15:05:01)
L Liers -- Marloie,53,Luik-Carre,2022-12-12(15:10:01)
L Liers -- Marloie,63,Luik-Guillemins,2022-12-12(15:15:01)
L Liers -- Marloie,63,Luik-Guillemins,2022-12-12(15:20:01)
L Liers -- Marloie,66,Angleur,2022-12-12(15:25:01)
L Liers -- Marloie,66,Angleur,2022-12-12(15:30:01)
L Liers -- Marloie,66,Angleur,2022-12-12(15:35:01)
L Liers -- Marloie,67,Esneux,2022-12-12(15:40:02)
IC Liege-Saint-Lambert -- Tournai,41,Flemalle-Haute,2022-12-12(15:45:01)
IC Liege-Saint-Lambert -- Tournai,41,Flemalle-Haute,2022-12-12(15:50:01)
IC Liege-Saint-Lambert -- Tournai,40,Hoei,2022-12-12(15:55:01)
IC Liege-Saint-Lambert -- Tournai,42,Statte,2022-12-12(16:00:01)
S41 Liege-Saint-Lambert -- Verviers-Central,29,Trooz,2022-12-12(16:05:01)
S43 Maastricht (nl) -- Hasselt,35,Luik-Sint-Lambertus,2022-12-12(16:10:01)
L Liege-Guillemins -- Namur,52,Pont-De-Seraing,2022-12-12(16:15:01)
L Liege-Guillemins -- Namur,52,Flemalle-Haute,2022-12-12(16:20:01)
L Liege-Guillemins -- Namur,52,Flemalle-Haute,2022-12-12(16:25:01)
L Liege-Guillemins -- Namur,43,Engis,2022-12-12(16:30:01)
L Liege-Guillemins -- Namur,44,Haute-Flone,2022-12-12(16:35:01)
L Liege-Guillemins -- Namur,43,Hoei,2022-12-12(16:40:01)
L Liege-Guillemins -- Namur,43,Hoei,2022-12-12(16:45:01)
IC Liege-Guillemins -- Quievrain,73,Quaregnon,2022-12-12(16:50:01)
IC Liege-Guillemins -- Quievrain,74,Jemappes,2022-12-12(16:55:01)
IC Liege-Guillemins -- Quievrain,73,Bergen,2022-12-12(17:00:02)
IC Liege-Guillemins -- Quievrain,73,Bergen,2022-12-12(17:05:01)
IC Liege-Guillemins -- Quievrain,73,Bergen,2022-12-12(17:10:01)
IC Liege-Guillemins -- Quievrain,72,Jurbeke,2022-12-12(17:15:01)
IC Liege-Guillemins -- Quievrain,72,Jurbeke,2022-12-12(17:20:01)
IC Liege-Guillemins -- Quievrain,72,Jurbeke,2022-12-12(17:25:01)
IC Liege-Guillemins -- Quievrain,76,S Gravenbrakel,2022-12-12(17:30:01)
IC Liege-Guillemins -- Quievrain,77,Zinnik,2022-12-12(17:35:01)
IC Liege-Guillemins -- Quievrain,77,S Gravenbrakel,2022-12-12(17:40:01)
IC Liege-Guillemins -- Quievrain,77,S Gravenbrakel,2022-12-12(17:45:01)
IC Liege-Guillemins -- Quievrain,85,Halle,2022-12-12(17:50:01)
IC Liege-Guillemins -- Quievrain,85,Halle,2022-12-12(17:55:01)
IC Liege-Guillemins -- Quievrain,85,Halle,2022-12-12(18:00:01)
IC Liege-Guillemins -- Quievrain,91,Brussel-Zuid,2022-12-12(18:05:01)
IC Liege-Guillemins -- Quievrain,91,Brussel-Zuid,2022-12-12(18:10:01)
IC Liege-Guillemins -- Quievrain,91,Brussel-Centraal,2022-12-12(18:15:01)
IC Liege-Guillemins -- Quievrain,91,Brussel-Centraal,2022-12-12(18:20:01)
IC Liege-Guillemins -- Quievrain,95,Brussel-Noord,2022-12-12(18:25:01)
IC Liege-Guillemins -- Quievrain,95,Brussel-Noord,2022-12-12(18:30:01)
IC Liege-Guillemins -- Quievrain,95,Brussel-Noord,2022-12-12(18:35:01)
IC Liege-Guillemins -- Quievrain,88,Leuven,2022-12-12(18:40:01)
IC Liege-Guillemins -- Quievrain,88,Leuven,2022-12-12(18:45:01)
IC Liege-Guillemins -- Quievrain,88,Leuven,2022-12-12(18:50:01)
IC Liege-Guillemins -- Quievrain,90,Tienen,2022-12-12(18:55:01)
IC Liege-Guillemins -- Quievrain,90,Tienen,2022-12-12(19:00:01)
IC Liege-Guillemins -- Quievrain,91,Landen,2022-12-12(19:05:02)
IC Liege-Guillemins -- Quievrain,93,Landen,2022-12-12(19:10:02)
IC Liege-Guillemins -- Quievrain,93,Landen,2022-12-12(19:15:01)
IC Liege-Guillemins -- Quievrain,94,Borgworm,2022-12-12(19:20:01)
IC Liege-Guillemins -- Quievrain,94,Borgworm,2022-12-12(19:25:01)
P Tournai -- Ath,33,Saint-Ghislain,2022-12-12(19:30:01)
P Tournai -- Ath,46,Blaton,2022-12-12(19:35:01)
IC Brussels Airport - Zaventem -- Tournai,30,Leuze,2022-12-12(19:40:01)
IC Brussels Airport - Zaventem -- Tournai,30,Leuze,2022-12-12(19:45:01)
P Tournai -- Ath,43,Maubray,2022-12-12(19:50:01)
P Tournai -- Ath,48,Antoing,2022-12-12(19:55:01)
L Namur -- Libramont,25,Bertrix,2022-12-12(20:00:01)
L Namur -- Libramont,20,Paliseul,2022-12-12(20:05:01)
L Namur -- Libramont,20,Paliseul,2022-12-12(20:10:01)
L Namur -- Libramont,19,Gedinne,2022-12-12(20:15:01)
L Namur -- Libramont,19,Gedinne,2022-12-12(20:20:01)
IC Liege-Guillemins -- Saint-Ghislain,33,Leuven,2022-12-12(20:25:01)
IC Liege-Guillemins -- Saint-Ghislain,33,Leuven,2022-12-12(20:30:01)
IC Liege-Guillemins -- Saint-Ghislain,33,Leuven,2022-12-12(20:35:01)
IC Liege-Guillemins -- Saint-Ghislain,33,Leuven,2022-12-12(20:40:01)
IC Liege-Guillemins -- Saint-Ghislain,31,Brussel-Noord,2022-12-12(20:45:01)
IC Liege-Guillemins -- Saint-Ghislain,31,Brussel-Noord,2022-12-12(20:50:01)
IC Brussels Airport - Zaventem -- Tournai,31,Edingen,2022-12-12(20:55:01)
IC Brussels Airport - Zaventem -- Tournai,31,Edingen,2022-12-12(21:00:01)
IC Liege-Guillemins -- Saint-Ghislain,29,Brussel-Zuid,2022-12-12(21:05:01)
IC Liege-Guillemins -- Quievrain,33,Quaregnon,2022-12-12(21:10:01)
IC Liege-Guillemins -- Quievrain,34,Jemappes,2022-12-12(21:15:01)
IC Liege-Guillemins -- Quievrain,34,Bergen,2022-12-12(21:20:01)
IC Liege-Guillemins -- Quievrain,34,Bergen,2022-12-12(21:25:01)
IC Liege-Guillemins -- Quievrain,34,Bergen,2022-12-12(21:30:01)
IC Liege-Guillemins -- Quievrain,36,Jurbeke,2022-12-12(21:35:01)
IC Liege-Guillemins -- Quievrain,36,Jurbeke,2022-12-12(21:40:01)
IC Liege-Guillemins -- Quievrain,36,Jurbeke,2022-12-12(21:45:01)
IC Liege-Guillemins -- Quievrain,38,Zinnik,2022-12-12(21:50:01)
L Liers -- Marloie,63,Luik-Carre,2022-12-12(21:55:01)
IC Liege-Guillemins -- Quievrain,38,S Gravenbrakel,2022-12-12(22:00:01)
IC Liege-Guillemins -- Quievrain,37,Halle,2022-12-12(22:05:01)
IC Liege-Guillemins -- Quievrain,37,Halle,2022-12-12(22:10:01)
IC Liege-Guillemins -- Quievrain,39,Brussel-Zuid,2022-12-12(22:15:01)
IC Liege-Guillemins -- Quievrain,37,Brussel-Centraal,2022-12-12(22:20:01)
IC Liege-Guillemins -- Quievrain,37,Brussel-Centraal,2022-12-12(22:25:01)
IC Liege-Guillemins -- Quievrain,38,Brussel-Noord,2022-12-12(22:30:01)
IC Liege-Guillemins -- Quievrain,38,Brussel-Noord,2022-12-12(22:35:01)
IC Liege-Guillemins -- Quievrain,38,Brussel-Noord,2022-12-12(22:40:01)
IC Liege-Guillemins -- Quievrain,36,Leuven,2022-12-12(22:45:01)
IC Liege-Guillemins -- Quievrain,39,Leuven,2022-12-12(22:50:01)
IC Liege-Guillemins -- Quievrain,39,Leuven,2022-12-12(22:55:01)
IC Liege-Guillemins -- Quievrain,37,Tienen,2022-12-12(23:00:01)
IC Liege-Guillemins -- Quievrain,37,Tienen,2022-12-12(23:05:01)
IC Liege-Guillemins -- Quievrain,37,Tienen,2022-12-12(23:10:01)
IC Liege-Guillemins -- Quievrain,37,Tienen,2022-12-12(23:15:01)
IC Liege-Guillemins -- Quievrain,37,Tienen,2022-12-12(23:20:01)
IC Liege-Guillemins -- Quievrain,39,Borgworm,2022-12-12(23:25:02)
IC Liege-Guillemins -- Quievrain,39,Borgworm,2022-12-12(23:30:01)
IC Liege-Guillemins -- Quievrain,39,Ans,2022-12-12(23:35:01)
IC Welkenraedt -- Ostende,16,Luik-Guillemins,2022-12-12(23:40:01)
S32 Roosendaal (nl) -- Anvers-Central,15,Essen,2022-12-12(23:45:01)
S32 Roosendaal (nl) -- Anvers-Central,13,Wildert,2022-12-12(23:50:01)
S32 Roosendaal (nl) -- Anvers-Central,13,Wildert,2022-12-12(23:55:01)
S32 Roosendaal (nl) -- Anvers-Central,13,Wildert,2022-12-13(00:00:01)
IC Bruxelles-Midi -- Essen,12,Mechelen,2022-12-13(00:05:01)
S32 Roosendaal (nl) -- Anvers-Central,15,Essen,2022-12-13(00:10:01)
S32 Roosendaal (nl) -- Anvers-Central,15,Essen,2022-12-13(00:15:01)
S32 Roosendaal (nl) -- Anvers-Central,15,Essen,2022-12-13(00:20:01)
S1 Anvers-Central -- Charleroi-Central,6,Brussel-Centraal,2022-12-13(00:25:01)
IC Eupen -- Ostende,2,Brussel-Zuid,2022-12-13(00:30:01)
L Luxembourg (l) -- Arlon,3,Aarlen,2022-12-13(00:35:01)
IC Eupen -- Ostende,2,Brussel-Zuid,2022-12-13(00:40:01)
IC Eupen -- Ostende,2,Brussel-Zuid,2022-12-13(00:45:01)
IC Eupen -- Ostende,2,Brussel-Zuid,2022-12-13(00:50:01)
IC Eupen -- Ostende,2,Brussel-Zuid,2022-12-13(00:55:01)
IC Malines -- Louvain,3,Leuven,2022-12-13(01:00:01)
IC Eupen -- Ostende,4,Gent-Sint-Pieters,2022-12-13(01:05:01)
IC Eupen -- Ostende,4,Gent-Sint-Pieters,2022-12-13(01:10:01)
IC Eupen -- Ostende,4,Gent-Sint-Pieters,2022-12-13(01:15:01)
S1 Bruxelles-Midi -- Anvers-Central,9,Schaarbeek,2022-12-13(01:20:01)
IC Eupen -- Ostende,4,Gent-Sint-Pieters,2022-12-13(01:25:01)
IC Anvers-Central -- Poperinge,2,Gent-Dampoort,2022-12-13(03:10:01)
IC Anvers-Central -- Poperinge,2,Gent-Dampoort,2022-12-13(03:15:01)
IC Anvers-Central -- Poperinge,2,Gent-Dampoort,2022-12-13(03:20:01)
IC Anvers-Central -- Poperinge,2,Gent-Dampoort,2022-12-13(03:25:01)
IC Anvers-Central -- Poperinge,2,Gent-Dampoort,2022-12-13(03:30:01)
IC Anvers-Central -- Poperinge,2,Gent-Dampoort,2022-12-13(03:35:01)
IC Anvers-Central -- Poperinge,2,Gent-Dampoort,2022-12-13(03:40:01)
IC Anvers-Central -- Poperinge,2,Gent-Dampoort,2022-12-13(03:45:01)
IC Anvers-Central -- Poperinge,2,Gent-Dampoort,2022-12-13(03:50:01)
IC Anvers-Central -- Poperinge,2,Gent-Dampoort,2022-12-13(03:55:01)
IC Anvers-Central -- Poperinge,2,Gent-Dampoort,2022-12-13(04:00:01)
IC Anvers-Central -- Poperinge,2,Gent-Dampoort,2022-12-13(04:05:01)
IC Anvers-Central -- Gand-Saint-Pierre,2,Gent-Dampoort,2022-12-13(04:10:01)
IC Anvers-Central -- Gand-Saint-Pierre,2,Gent-Dampoort,2022-12-13(04:15:01)
IC Anvers-Central -- Gand-Saint-Pierre,2,Gent-Dampoort,2022-12-13(04:20:01)
IC Anvers-Central -- Gand-Saint-Pierre,2,Gent-Dampoort,2022-12-13(04:25:01)
IC Anvers-Central -- Gand-Saint-Pierre,2,Gent-Dampoort,2022-12-13(04:30:01)
IC Anvers-Central -- Gand-Saint-Pierre,3,Gent-Dampoort,2022-12-13(04:35:01)
S1 Anvers-Central -- Charleroi-Central,9,Marchienne-Au-Pont,2022-12-13(04:40:01)
S1 Anvers-Central -- Charleroi-Central,9,Marchienne-Au-Pont,2022-12-13(04:45:01)
P Charleroi-Central -- Couvin,9,Mariembourg,2022-12-13(04:50:01)
S6 Schaerbeek -- Grammont,18,Viane-Moerbeke,2022-12-13(04:55:01)
S6 Schaerbeek -- Grammont,19,Tollembeek,2022-12-13(05:00:01)
S6 Schaerbeek -- Grammont,21,Edingen,2022-12-13(05:05:01)
IC Liege-Guillemins -- Ostende,16,Ans,2022-12-13(05:10:02)
IC Liege-Guillemins -- Ostende,16,Ans,2022-12-13(05:15:01)
IC Liege-Guillemins -- Ostende,14,Landen,2022-12-13(05:20:01)
IC Liege-Guillemins -- Ostende,15,Landen,2022-12-13(05:25:01)
P Anvers-Central -- Essen,18,Kalmthout,2022-12-13(05:30:01)
S1 Nivelles -- Anvers-Central,18,Mechelen,2022-12-13(05:35:01)
IC Anvers-Central -- Poperinge,18,Lokeren,2022-12-13(05:40:01)
IC Brussels Airport - Zaventem -- Mons,23,Jurbeke,2022-12-13(05:45:01)
IC Brussels Airport - Zaventem -- Mons,24,Jurbeke,2022-12-13(05:50:01)
IC Brussels Airport - Zaventem -- Mons,25,Jurbeke,2022-12-13(05:55:01)
S41 Liege-Saint-Lambert -- Verviers-Central,21,Luik-Guillemins,2022-12-13(06:00:02)
IC Brussels Airport - Zaventem -- Courtrai,48,Oudenaarde,2022-12-13(06:20:01)
IC Brussels Airport - Zaventem -- Courtrai,48,Oudenaarde,2022-12-13(06:25:01)
IC Brussels Airport - Zaventem -- Courtrai,46,Zottegem,2022-12-13(06:30:01)
IC Brussels Airport - Zaventem -- Courtrai,46,Zottegem,2022-12-13(06:35:01)
IC Brussels Airport - Zaventem -- Courtrai,46,Zottegem,2022-12-13(06:40:01)
IC Brussels Airport - Zaventem -- Courtrai,46,Zottegem,2022-12-13(06:45:01)
IC Brussels Airport - Zaventem -- Courtrai,47,Denderleeuw,2022-12-13(06:50:01)
L Quevy -- Tournai,35,Saint-Ghislain,2022-12-13(06:55:01)
IC Liege-Guillemins -- Quievrain,33,Halle,2022-12-13(07:00:01)
IC Liege-Guillemins -- Quievrain,33,Halle,2022-12-13(07:05:01)
IC Liege-Guillemins -- Quievrain,35,Brussel-Zuid,2022-12-13(07:15:01)
IC Saint-Nicolas -- Courtrai,73,Leuze,2022-12-13(08:35:01)
P Mons -- Tournai,78,Antoing,2022-12-13(08:40:01)
P Mons -- Tournai,77,Blaton,2022-12-13(08:45:01)
P Mons -- Tournai,77,Blaton,2022-12-13(08:50:01)
IC Saint-Nicolas -- Courtrai,74,Aat,2022-12-13(08:55:01)
P Mons -- Tournai,75,Jemappes,2022-12-13(09:00:01)
IC Saint-Nicolas -- Courtrai,75,Edingen,2022-12-13(09:05:01)
IC Saint-Nicolas -- Courtrai,75,Edingen,2022-12-13(09:10:01)
IC Saint-Nicolas -- Courtrai,75,Edingen,2022-12-13(09:15:01)
IC Saint-Nicolas -- Courtrai,75,Edingen,2022-12-13(09:20:01)
IC Genk -- Blankenberge,52,Gent-Sint-Pieters,2022-12-13(09:25:01)
L Rochefort-Jemelle -- Ciney,48,Ciney,2022-12-13(09:30:01)
L Rochefort-Jemelle -- Ciney,53,Ciney,2022-12-13(09:35:01)
L Rochefort-Jemelle -- Ciney,63,Ciney,2022-12-13(09:45:01)
L Rochefort-Jemelle -- Ciney,67,Ciney,2022-12-13(09:50:01)
L Rochefort-Jemelle -- Ciney,72,Ciney,2022-12-13(09:55:01)
L Rochefort-Jemelle -- Ciney,73,Ciney,2022-12-13(10:00:01)
S32 Roosendaal (nl) -- Puurs,57,Antwerpen-Luchtbal,2022-12-13(10:05:01)
S5 Malines -- Enghien,49,Etterbeek,2022-12-13(10:10:01)
L Genk -- Louvain,42,Wezemaal,2022-12-13(10:15:01)
L Genk -- Louvain,42,Testelt,2022-12-13(10:20:01)
L Genk -- Louvain,42,Zichem,2022-12-13(10:25:01)
IC Liege-Guillemins -- Quievrain,54,Quaregnon,2022-12-13(10:30:01)
IC Liege-Guillemins -- Quievrain,55,Jemappes,2022-12-13(10:35:02)
IC Liege-Guillemins -- Quievrain,54,Bergen,2022-12-13(10:40:02)
IC Liege-Guillemins -- Quievrain,54,Bergen,2022-12-13(10:47:41)
IC Liege-Guillemins -- Quievrain,54,Bergen,2022-12-13(10:50:01)
IC Liege-Guillemins -- Quievrain,52,Jurbeke,2022-12-13(10:55:01)
IC Liege-Guillemins -- Quievrain,52,Zinnik,2022-12-13(11:00:01)
IC Liege-Guillemins -- Quievrain,52,Zinnik,2022-12-13(11:05:01)
IC Liege-Guillemins -- Quievrain,53,S Gravenbrakel,2022-12-13(11:10:01)
IC Liege-Guillemins -- Quievrain,53,S Gravenbrakel,2022-12-13(11:15:01)
IC Liege-Guillemins -- Quievrain,53,Halle,2022-12-13(11:20:01)
IC Liege-Guillemins -- Quievrain,53,Halle,2022-12-13(11:25:01)
IC Liege-Guillemins -- Quievrain,63,Brussel-Centraal,2022-12-13(11:45:01)
S1 Nivelles -- Anvers-Central,33,Brussel-Centraal,2022-12-13(11:50:01)
,14,Brussel-Noord,2022-12-28(11:15:01)
IC Saint-Nicolas -- Courtrai,27,Herseaux,2022-12-28(11:20:01)
S3 Termonde -- Zottegem,42,Merchtem,2022-12-28(11:25:01)
S3 Termonde -- Zottegem,42,Merchtem,2022-12-28(11:30:01)
S3 Termonde -- Zottegem,42,Asse,2022-12-28(11:35:01)
S3 Termonde -- Zottegem,41,Zellik,2022-12-28(11:40:01)
S3 Termonde -- Zottegem,40,Jette,2022-12-28(11:45:01)
S3 Termonde -- Zottegem,40,Jette,2022-12-28(11:50:01)
S4 Malines -- Alost,24,Etterbeek,2022-12-28(11:55:01)
S4 Malines -- Alost,23,Delta,2022-12-28(12:00:01)
S4 Malines -- Alost,21,Meiser,2022-12-28(12:05:01)
,19,Borgworm,2022-12-28(12:10:01)
S4 Malines -- Alost,19,Bordet,2022-12-28(12:15:01)
S4 Malines -- Alost,21,Vilvoorde,2022-12-28(12:20:01)
IC Brussels Airport - Zaventem -- Tournai,27,Leuze,2022-12-28(12:25:01)
IC Anvers-Central -- Poperinge,6,Gent-Sint-Pieters,2023-01-04(13:30:53)
S2 Louvain -- Braine-Le-Comte,8,Brussel-Zuid,2023-01-04(13:35:01)
S2 Louvain -- Braine-Le-Comte,7,Brussel-Centraal,2023-01-04(13:40:01)
S2 Louvain -- Braine-Le-Comte,9,Brussel-Centraal,2023-01-04(13:45:01)
S2 Louvain -- Braine-Le-Comte,8,Brussel-Noord,2023-01-04(13:50:01)
S2 Louvain -- Braine-Le-Comte,9,Schaarbeek,2023-01-04(13:55:01)
S3 Termonde -- Zottegem,51,Zellik,2023-01-04(16:55:01)
S3 Termonde -- Zottegem,56,Bockstael,2023-01-04(17:00:01)
S3 Termonde -- Zottegem,57,Bockstael,2023-01-04(17:05:01)
S3 Termonde -- Zottegem,56,Brussel-Noord,2023-01-04(17:10:01)
S3 Termonde -- Zottegem,59,Brussel-Centraal,2023-01-04(17:15:01)
S3 Termonde -- Zottegem,58,Brussel-Zuid,2023-01-04(17:20:01)
,29,Faux,2023-01-04(20:05:02)
,29,Faux,2023-01-04(20:10:01)
IC Genk -- Blankenberge,11,Landen,2023-01-25(13:05:01)
IC Genk -- Blankenberge,11,Sint-Truiden,2023-01-25(13:10:01)
IC Luxembourg (l) -- Bruxelles-Midi,15,Ottignies,2023-01-25(13:15:02)
,16,Kortrijk,2023-01-25(13:20:01)
,48,Kortrijk,2023-01-25(14:00:01)
IC Anvers-Central -- Poperinge,34,Menen,2023-01-25(15:15:01)
,15,Namen,2023-01-25(15:20:01)
IC Anvers-Central -- Poperinge,34,Kortrijk,2023-01-25(15:25:02)
IC Anvers-Central -- Poperinge,34,Kortrijk,2023-01-25(15:30:02)
S53 Gand-Saint-Pierre -- Lokeren,20,Beervelde,2023-01-25(15:38:10)
S53 Gand-Saint-Pierre -- Lokeren,20,Beervelde,2023-01-25(15:40:02)
,35,Ans,2023-01-25(16:20:01)
L Liers -- Marloie,39,Luik-Guillemins,2023-01-25(16:25:14)
,31,Flemalle-Haute,2023-01-25(17:05:01)
S1 Nivelles -- Anvers-Central,26,Holleken,2023-01-25(17:10:02)
S1 Nivelles -- Anvers-Central,27,Waterloo,2023-01-25(17:15:01)
,27,Bierset-Awans,2023-01-25(17:20:01)
,27,Hoei,2023-01-25(17:25:01)
,27,Hoei,2023-01-25(17:30:01)
,33,Statte,2023-01-25(17:35:01)
P Grammont -- Denderleeuw,33,Geraardsbergen,2023-01-25(17:40:01)
P Grammont -- Denderleeuw,38,Geraardsbergen,2023-01-25(17:45:01)
P Grammont -- Denderleeuw,43,Geraardsbergen,2023-01-25(17:50:01)
P Grammont -- Denderleeuw,47,Geraardsbergen,2023-01-25(17:55:01)
P Grammont -- Denderleeuw,51,Geraardsbergen,2023-01-25(18:00:01)
,49,Eichem,2023-01-25(18:05:01)
,49,Eichem,2023-01-25(18:10:01)
,56,Schendelbeke,2023-01-25(18:15:01)
,57,Geraardsbergen,2023-01-25(18:20:01)
,57,Geraardsbergen,2023-01-25(18:25:01)
S1 Nivelles -- Anvers-Central,30,Vorst-Oost,2023-01-25(18:30:02)
S1 Nivelles -- Anvers-Central,31,Brussel-Zuid,2023-01-25(18:35:01)
,57,Geraardsbergen,2023-01-25(18:40:01)
,67,Viane-Moerbeke,2023-01-25(18:45:01)
S1 Nivelles -- Anvers-Central,30,Schaarbeek,2023-01-25(18:50:01)
IC Eupen -- Ostende,30,Leuven,2023-01-25(18:55:01)
S1 Nivelles -- Anvers-Central,31,Vilvoorde,2023-01-25(19:00:01)
S1 Nivelles -- Anvers-Central,31,Vilvoorde,2023-01-25(19:05:01)
,31,Herne,2023-01-25(19:10:01)
,32,Puurs,2023-01-25(19:15:01)
,38,Puurs,2023-01-25(19:20:01)
,38,Puurs,2023-01-25(19:25:01)
IC Eupen -- Ostende,30,Leuven,2023-01-25(19:30:01)
IC Eupen -- Ostende,30,Leuven,2023-01-25(19:35:01)
IC Eupen -- Ostende,38,Luik-Guillemins,2023-01-25(19:40:01)
IC Eupen -- Ostende,39,Luik-Guillemins,2023-01-25(19:45:01)
IC Eupen -- Ostende,39,Luik-Guillemins,2023-01-25(19:50:01)
IC Eupen -- Ostende,39,Luik-Guillemins,2023-01-25(19:55:01)
IC Louvain -- Courtrai,18,Deinze,2023-01-25(20:00:01)
IC Louvain -- Courtrai,18,Deinze,2023-01-25(20:05:01)
IC Louvain -- Courtrai,18,Gent-Sint-Pieters,2023-01-25(20:10:01)
,22,Geel,2023-01-25(20:15:01)
,27,Geel,2023-01-25(20:20:01)
,32,Geel,2023-01-25(20:25:01)
,34,Geel,2023-01-25(20:30:01)
,34,Geel,2023-01-25(20:35:01)
,34,Geel,2023-01-25(20:40:01)
,34,Geel,2023-01-25(20:45:01)
,29,Zolder,2023-01-25(20:50:01)
,29,Zolder,2023-01-25(20:55:01)
,29,Zolder,2023-01-25(21:00:01)
,29,Zolder,2023-01-25(21:10:01)
,29,Zolder,2023-01-25(21:15:01)
,52,Beringen,2023-01-25(21:20:01)
,52,Beringen,2023-01-25(21:25:01)
,52,Beringen,2023-01-25(21:30:01)
,29,Zolder,2023-01-25(21:35:01)
,29,Zolder,2023-01-25(21:40:01)
S33 Anvers-Central -- Mol,34,Olen,2023-01-25(21:45:01)
S33 Anvers-Central -- Mol,33,Geel,2023-01-25(21:50:01)
,29,Zolder,2023-01-25(21:55:01)
,29,Zolder,2023-01-25(22:00:01)
,29,Zolder,2023-01-25(22:05:01)
,29,Zolder,2023-01-25(22:10:01)
,29,Zolder,2023-01-25(22:15:01)
IC Anvers-Central -- Hamont,26,Mol,2023-01-25(22:20:01)
IC Anvers-Central -- Hamont,26,Mol,2023-01-25(22:25:01)
IC Anvers-Central -- Hamont,24,Geel,2023-01-25(22:30:01)
IC Anvers-Central -- Hamont,24,Geel,2023-01-25(22:35:01)
IC Anvers-Central -- Turnhout,26,Bouwel,2023-01-25(22:40:01)
IC Anvers-Central -- Turnhout,28,Wolfstee,2023-01-25(22:45:01)
IC Anvers-Central -- Turnhout,29,Herentals,2023-01-25(22:50:01)
S34 Anvers-Central -- Lokeren,20,Melsele,2023-01-25(22:55:01)
S34 Anvers-Central -- Lokeren,20,Melsele,2023-01-25(23:00:01)
,23,Luttre,2023-01-25(23:05:01)
,23,Luttre,2023-01-25(23:10:01)
IC Bruxelles-Midi -- Ciney,38,Brussel-Centraal,2023-01-25(23:15:01)
IC Bruxelles-Midi -- Ciney,37,Brussel-Noord,2023-01-25(23:20:01)
IC Bruxelles-Midi -- Ciney,48,Brussel-Centraal,2023-01-25(23:25:01)
IC Bruxelles-Midi -- Ciney,48,Brussel-Centraal,2023-01-25(23:30:01)
IC Bruxelles-Midi -- Ciney,48,Brussel-Noord,2023-01-25(23:35:01)
IC Bruxelles-Midi -- Ciney,48,Brussel-Schuman,2023-01-25(23:40:01)
IC Bruxelles-Midi -- Ciney,48,Brussel-Luxemburg,2023-01-25(23:45:01)
IC Bruxelles-Midi -- Ciney,48,Brussel-Luxemburg,2023-01-25(23:50:01)
IC Bruxelles-Midi -- Ciney,48,Brussel-Luxemburg,2023-01-25(23:55:01)
IC Bruxelles-Midi -- Ciney,48,Brussel-Luxemburg,2023-01-26(00:00:01)
,12,Lier,2023-01-26(15:40:01)
,12,Lier,2023-01-26(15:45:01)
IC Bruxelles-Midi -- Arlon,13,Brussel-Centraal,2023-01-26(15:50:01)
IC Bruxelles-Midi -- Arlon,13,Brussel-Noord,2023-01-26(15:55:01)
IC Bruxelles-Midi -- Arlon,13,Brussel-Noord,2023-01-26(16:00:01)
IC Bruxelles-Midi -- Arlon,12,Brussel-Luxemburg,2023-01-26(16:05:01)
,10,Merelbeke,2023-01-26(16:10:01)
,24,Leuven,2023-09-19(12:25:02)
,24,Andenne,2023-09-19(12:30:01)
,29,Brussel-Centraal,2023-09-19(12:35:08)
,29,Brussel-Noord,2023-09-19(12:45:01)
,29,Brussel-Noord,2023-09-19(12:50:01)
IC Welkenraedt -- Courtrai,21,Brussel-Zuid,2023-09-19(15:05:02)
IC Welkenraedt -- Courtrai,21,Brussel-Zuid,2023-09-19(15:10:01)
IC Welkenraedt -- Courtrai,21,Brussel-Zuid,2023-09-19(15:15:01)
IC Welkenraedt -- Courtrai,21,Brussel-Zuid,2023-09-19(15:20:01)
,16,Bertrix,2023-09-19(15:25:01)
